products,,,,,,,
Name,mols,temperature,,,,,
Carbon Dioxide,2,300,,,,,
Water,3,300,,,,,
shomate,,,,,,,
Name,A,B,C,D,E,min,max
Water,-203.606,1523.29,-3196.413,2474.455,3.855326,298,500
Water,30.092,6.832514,6.793435,-2.53448,0.082139,500,1700
Water,41.96426,8.622053,-1.49978,0.098119,-11.15764,1700,6000
Carbon Dioxide,24.99735,55.18696,-33.69137,7.948387,-0.136638,298,1200
Carbon Dioxide,58.16639,2.720074,-0.492289,0.038844,-6.447293,1200,6000
